{"cameraMode":{"drawMode":0,"name":"Shaded","section":"Shading Mode"},"sceneLighting":true,"audioPlay":false,"sceneViewState":{"showFog":true,"showMaterialUpdate":false,"showSkybox":true,"showFlares":true,"showImageEffects":true,"showParticleSystems":true},"in2DMode":false,"pivot":{"x":59.12794876098633,"y":-39.7307243347168,"z":56.317626953125},"rotation":{"x":-0.26641300320625307,"y":-0.34673207998275759,"z":0.10339855402708054,"w":-0.8933853507041931},"size":85.45606231689453,"orthographic":false}